date;image;famille;couleur
24/02/2026;0utils/img/sel_gestion_patrimoine.jpeg;#patrimoine;#D4AF37
05/03/2026;0utils/img/SEL-Astuces_de_Grand-meres.jpg;#astuces;#87B443
16/04/2026;0utils/img/sel_gestion_patrimoine.jpeg;#patrimoine;#D4AF37
21/04/2026;0utils/img/SEL-Medirelax.jpg;#méditation;#00AEEF
24/04/2026;0utils/img/SEL-Medirelax.jpg;#méditation;#00AEEF
05/06/2026;0utils/img/SEL-Pizza_party.jpg;#cuisine;#87B443
24/06/2026;0utils/img/SEL-Sirop_maison.jpg;#sirop;#FFA500
26/06/2026;0utils/img/SEL-Sirop_maison.jpg;#sirop;#FFA500
12/07/2026;0utils/img/SEL-Medirelax.jpg;#méditation;#00AEEF
19/07/2026;0utils/img/SEL-Astuces_de_Grand-meres.jpg;#astuces;#87B443
